ID;Marital Status;Gender;Children;Education;Occupation;Cars;Region;Age;Purchased Bike;0stado;
12496;Married;Female;1;Bachelors;Skilled Manual;0;Europe;42;No;1;
24107;Married;Male;3;Partial College;Clerical;1;Europe;43;No;1;
14177;Married;Male;5;Partial College;Professional;2;Europe;60;No;1;
24381;Single;Male;0;Bachelors;Professional;1;Pacific;41;Yes;1;
25597;Single;Male;0;Bachelors;Clerical;0;Europe;36;Yes;1;
13507;Married;Female;2;Partial College;Manual;0;Europe;50;No;1;
27974;Single;Male;2;High School;Management;4;Pacific;33;Yes;1;
19364;Married;Male;1;Bachelors;Skilled Manual;0;Europe;43;Yes;1;
22155;Married;Male;2;Partial High School;Clerical;2;Pacific;58;No;1;
19280;Married;Male;2;Partial College;Manual;1;Europe;48;Yes;1;
22173;Married;Female;3;High School;Skilled Manual;2;Pacific;54;Yes;1;
12697;Single;Female;0;Bachelors;Professional;4;Pacific;36;No;1;
11434;Married;Male;5;Partial College;Professional;4;Europe;55;No;1;
25323;Married;Male;2;Partial College;Clerical;1;Europe;35;Yes;1;
23542;Single;Male;1;Partial College;Skilled Manual;1;Pacific;45;Yes;1;
20870;Single;Female;2;High School;Manual;1;Europe;38;Yes;1;
23316;Single;Male;3;Partial College;Clerical;2;Pacific;59;Yes;1;
12610;Married;Female;1;Bachelors;Clerical;0;Europe;47;No;1;
27183;Single;Male;2;Partial College;Clerical;1;Europe;35;Yes;1;
25940;Single;Male;2;Partial High School;Clerical;2;Pacific;55;Yes;1;
25598;Married;Female;0;Graduate Degree;Clerical;0;Europe;36;Yes;1;
21564;Single;Female;0;Bachelors;Professional;4;Pacific;35;No;1;
19193;Single;Male;2;Partial College;Clerical;0;Europe;35;Yes;1;
26412;Married;Female;5;High School;Management;3;Europe;56;No;1;
27184;Single;Male;2;Partial College;Clerical;1;Europe;34;No;1;
12590;Single;Male;1;Bachelors;Clerical;0;Europe;63;No;1;
17841;Single;Male;0;Partial College;Clerical;1;Europe;29;Yes;1;
18283;Single;Female;0;Bachelors;Professional;1;Pacific;40;No;1;
18299;Married;Male;5;Partial College;Skilled Manual;2;Pacific;44;No;1;
16466;Single;Female;0;Partial High School;Manual;2;Europe;32;Yes;1;
19273;Married;Female;2;Partial College;Manual;0;Europe;63;No;1;
22400;Married;Male;0;Partial College;Manual;1;Pacific;26;Yes;1;
20942;Single;Female;0;High School;Manual;1;Europe;31;No;1;
18484;Single;Male;2;High School;Skilled Manual;2;Pacific;50;Yes;1;
12291;Single;Male;5;Partial College;Professional;2;Europe;62;Yes;1;
28380;Single;Female;5;Partial High School;Manual;2;Europe;41;No;1;
17891;Married;Female;2;Partial College;Manual;1;Europe;50;Yes;1;
27832;Single;Female;0;Partial College;Clerical;1;Europe;30;No;1;
26863;Single;Male;0;High School;Manual;1;Europe;28;No;1;
16259;Single;Female;4;Partial High School;Manual;2;Europe;40;Yes;1;
27803;Single;Female;2;Partial College;Clerical;0;Europe;43;No;1;
14347;Single;Female;2;Bachelors;Management;2;Pacific;65;Yes;1;
17703;Married;Female;1;Graduate Degree;Manual;0;Europe;40;No;1;
17185;Married;Female;4;Partial College;Professional;3;Europe;48;Yes;1;
29380;Married;Female;3;High School;Manual;0;Europe;41;Yes;1;
23986;Married;Female;1;Bachelors;Clerical;0;Europe;66;Yes;1;
24466;Married;Female;1;Partial College;Skilled Manual;1;Pacific;46;Yes;1;
29097;Single;Female;2;Partial College;Skilled Manual;2;Pacific;52;Yes;1;
19487;Married;Male;2;Partial College;Clerical;2;Europe;42;No;1;
14939;Married;Male;0;Bachelors;Clerical;0;Europe;39;Yes;1;
13826;Single;Female;0;Partial College;Clerical;1;Europe;28;No;1;
20619;Single;Male;0;Bachelors;Professional;4;Pacific;35;No;1;
12558;Married;Female;1;Bachelors;Clerical;0;Europe;65;No;1;
24871;Single;Female;4;High School;Management;3;Europe;56;No;1;
17319;Single;Female;0;Bachelors;Professional;1;Pacific;42;No;1;
28906;Married;Male;4;High School;Professional;2;Europe;54;No;1;
12808;Married;Male;0;Bachelors;Clerical;0;Europe;38;Yes;1;
20567;Married;Male;4;Partial College;Professional;4;Europe;61;Yes;1;
25502;Married;Female;1;Bachelors;Skilled Manual;0;Europe;43;Yes;1;
15580;Married;Male;2;Bachelors;Professional;1;Pacific;38;Yes;1;
24185;Single;Female;1;High School;Manual;1;Europe;45;No;1;
19291;Single;Female;2;High School;Manual;0;Europe;35;No;1;
16713;Married;Male;2;Bachelors;Management;1;Pacific;52;Yes;1;
16185;Single;Male;4;Bachelors;Professional;3;Pacific;41;No;1;
14927;Married;Female;1;Bachelors;Clerical;0;Europe;37;Yes;1;
29337;Single;Male;2;Partial College;Clerical;2;Pacific;68;No;1;
29355;Married;Female;0;Graduate Degree;Clerical;0;Europe;37;Yes;1;
25303;Single;Male;0;High School;Manual;1;Europe;33;Yes;1;
14813;Single;Female;4;High School;Manual;1;Europe;43;Yes;1;
16438;Married;Female;0;Partial High School;Manual;2;Europe;30;No;1;
14238;Married;Male;0;Partial High School;Professional;4;Pacific;36;Yes;1;
16200;Single;Female;0;Partial High School;Manual;2;Europe;35;No;1;
24857;Married;Female;3;High School;Professional;4;Europe;52;No;1;
26956;Single;Female;0;Partial College;Manual;1;Europe;36;Yes;1;
14517;Married;Female;3;High School;Skilled Manual;2;Pacific;62;No;1;
12678;Single;Female;4;High School;Management;4;Pacific;31;No;1;
16188;Single;Female;0;Partial High School;Manual;2;Europe;26;No;1;
27969;Married;Male;0;Bachelors;Professional;2;Pacific;29;Yes;1;
15752;Married;Male;2;High School;Skilled Manual;2;Pacific;50;Yes;1;
27745;Single;Male;2;Bachelors;Management;2;Pacific;63;Yes;1;
20828;Married;Female;4;Graduate Degree;Clerical;0;Europe;45;Yes;1;
19461;Single;Female;4;Partial High School;Manual;2;Europe;40;No;1;
26941;Married;Male;0;Bachelors;Clerical;0;Europe;47;Yes;1;
28412;Single;Male;0;High School;Manual;1;Europe;29;No;1;
24485;Single;Male;2;Bachelors;Management;1;Pacific;52;Yes;1;
16514;Single;Male;0;Partial College;Manual;1;Pacific;26;Yes;1;
17191;Single;Male;3;Partial College;Professional;3;Europe;51;Yes;1;
19608;Married;Male;5;Bachelors;Professional;4;Pacific;40;No;1;
24119;Single;Male;0;Partial College;Clerical;1;Europe;29;No;1;
25458;Married;Male;1;High School;Manual;1;Europe;40;Yes;1;
26886;Single;Female;0;Partial College;Clerical;1;Europe;29;Yes;1;
28436;Single;Male;0;Partial College;Clerical;1;Europe;30;Yes;1;
19562;Single;Female;2;Bachelors;Professional;1;Pacific;37;Yes;1;
15608;Single;Female;0;Partial College;Clerical;1;Europe;33;No;1;
16487;Single;Female;3;High School;Skilled Manual;2;Pacific;55;No;1;
17197;Single;Female;5;Partial College;Professional;2;Europe;62;No;1;
12507;Married;Male;1;Partial College;Clerical;1;Europe;43;No;1;
23940;Married;Male;1;Bachelors;Skilled Manual;1;Europe;44;Yes;1;
19441;Single;Male;0;Graduate Degree;Clerical;0;Europe;37;Yes;1;
26852;Married;Female;3;High School;Manual;2;Europe;43;No;1;
12274;Single;Male;2;High School;Manual;0;Europe;35;No;1;
20236;Single;Male;3;Bachelors;Professional;2;Pacific;43;Yes;1;
24149;Married;Male;2;Partial College;Manual;0;Europe;49;No;1;
26139;Single;Male;1;Partial College;Skilled Manual;1;Pacific;45;No;1;
18491;Single;Female;2;High School;Professional;2;Pacific;49;Yes;1;
22707;Single;Female;0;Partial College;Clerical;1;Europe;30;No;1;
20430;Married;Male;2;Partial College;Skilled Manual;2;Pacific;52;Yes;1;
27494;Single;Female;2;Partial College;Skilled Manual;2;Pacific;53;Yes;1;
26829;Married;Female;0;Bachelors;Clerical;0;Europe;38;Yes;1;
28395;Single;Male;0;Bachelors;Professional;0;Europe;39;Yes;1;
21006;Single;Female;1;Partial College;Manual;0;Europe;46;Yes;1;
14682;Single;Female;0;Bachelors;Professional;1;Pacific;38;No;1;
17650;Single;Female;2;Partial College;Clerical;2;Europe;35;No;1;
29191;Single;Female;1;Graduate Degree;Management;1;Pacific;36;Yes;1;
15030;Married;Male;0;Bachelors;Clerical;0;Pacific;26;Yes;1;
24140;Single;Male;0;Graduate Degree;Manual;0;Europe;30;Yes;1;
22496;Married;Female;1;Bachelors;Skilled Manual;2;Europe;42;No;1;
24065;Single;Female;2;High School;Manual;0;Europe;40;Yes;1;
19914;Married;Male;5;Bachelors;Management;2;Europe;62;No;1;
12871;Single;Female;0;Partial College;Clerical;1;Europe;29;No;1;
22988;Married;Female;2;Bachelors;Management;2;Pacific;66;Yes;1;
15922;Married;Male;2;High School;Professional;4;Europe;48;No;1;
12344;Single;Female;0;Bachelors;Professional;3;Pacific;31;No;1;
23627;Single;Female;3;Partial College;Management;4;Europe;56;No;1;
27775;Single;Female;0;Bachelors;Clerical;0;Europe;38;Yes;1;
29301;Married;Male;5;Bachelors;Professional;4;Pacific;40;No;1;
12716;Single;Male;0;Partial College;Clerical;1;Europe;32;No;1;
12472;Married;Male;1;Bachelors;Clerical;1;Europe;39;No;1;
20970;Single;Male;2;Partial College;Manual;1;Europe;52;Yes;1;
26818;Single;Male;3;High School;Manual;1;Europe;39;Yes;1;
12993;Married;Male;2;Bachelors;Professional;1;Pacific;37;No;1;
14192;Married;Male;4;High School;Management;3;Europe;56;Yes;1;
19477;Married;Male;0;Bachelors;Professional;0;Europe;40;Yes;1;
26796;Single;Male;2;Bachelors;Management;2;Pacific;65;Yes;1;
21094;Single;Female;2;Partial College;Clerical;2;Europe;42;No;1;
12234;Married;Male;2;Partial College;Manual;1;Europe;52;No;1;
28683;Single;Female;1;High School;Manual;1;Europe;35;Yes;1;
17994;Single;Male;2;High School;Manual;2;Europe;42;No;1;
24273;Married;Female;2;Partial High School;Clerical;2;Pacific;55;Yes;1;
26547;Single;Female;2;Partial College;Clerical;2;Pacific;60;Yes;1;
22500;Single;Male;0;Bachelors;Professional;0;Europe;40;Yes;1;
23993;Single;Female;0;Partial College;Manual;1;Pacific;26;Yes;1;
14832;Married;Male;1;Bachelors;Skilled Manual;0;Europe;42;Yes;1;
16614;Married;Female;0;Bachelors;Professional;3;Pacific;32;No;1;
20877;Single;Male;1;Bachelors;Clerical;0;Europe;37;Yes;1;
20729;Married;Female;2;Partial College;Clerical;1;Europe;34;No;1;
22464;Married;Male;0;Graduate Degree;Clerical;0;Europe;37;Yes;1;
19475;Married;Female;0;Bachelors;Professional;0;Europe;40;Yes;1;
19675;Married;Male;4;High School;Skilled Manual;2;Pacific;60;No;1;
12728;Single;Male;0;Partial College;Clerical;1;Europe;27;No;1;
26154;Married;Male;1;Partial College;Skilled Manual;1;Pacific;43;Yes;1;
29117;Single;Male;1;Bachelors;Management;3;Pacific;48;No;1;
17845;Single;Female;0;Partial High School;Manual;2;Europe;32;No;1;
25058;Married;Male;1;Bachelors;Management;3;Pacific;47;No;1;
23426;Single;Male;5;Graduate Degree;Management;3;Pacific;40;No;1;
14798;Single;Female;4;Partial High School;Manual;2;Europe;41;Yes;1;
12664;Married;Female;5;Partial College;Professional;4;Europe;59;No;1;
23979;Single;Male;2;Partial College;Manual;0;Europe;50;No;1;
25605;Single;Female;2;Partial College;Manual;1;Europe;54;Yes;1;
20797;Married;Female;1;Bachelors;Manual;0;Europe;48;No;1;
21980;Single;Female;1;Bachelors;Professional;1;Pacific;44;Yes;1;
25460;Married;Female;2;High School;Manual;0;Europe;40;Yes;1;
29181;Single;Female;2;Bachelors;Professional;1;Pacific;38;Yes;1;
24279;Single;Male;2;Partial College;Skilled Manual;2;Pacific;52;No;1;
22402;Married;Male;0;Partial College;Manual;1;Pacific;25;Yes;1;
15465;Married;Female;0;Partial College;Manual;1;Pacific;25;No;1;
26757;Single;Male;1;Bachelors;Professional;1;Pacific;47;Yes;1;
14233;Single;Male;0;High School;Management;3;Pacific;35;No;1;
14058;Single;Male;0;Bachelors;Professional;1;Pacific;41;Yes;1;
12273;Married;Male;1;Bachelors;Clerical;0;Europe;47;No;1;
17203;Married;Female;4;Partial College;Professional;4;Europe;61;Yes;1;
18144;Married;Female;5;Bachelors;Management;2;Europe;61;No;1;
23963;Married;Male;0;Partial High School;Manual;2;Europe;33;No;1;
17907;Married;Female;0;Partial College;Manual;1;Pacific;27;No;1;
19442;Single;Male;0;Graduate Degree;Skilled Manual;0;Europe;37;Yes;1;
17504;Single;Female;2;Partial College;Skilled Manual;2;Pacific;52;Yes;1;
12253;Single;Female;0;Partial College;Manual;0;Pacific;29;Yes;1;
27304;Single;Female;2;Partial College;Professional;3;Europe;48;No;1;
14191;Married;Male;4;Partial College;Professional;2;Europe;55;Yes;1;
12212;Married;Female;0;Graduate Degree;Manual;0;Europe;37;Yes;1;
25529;Single;Male;1;Graduate Degree;Manual;0;Europe;44;No;1;
22170;Married;Female;3;Partial College;Clerical;2;Pacific;55;Yes;1;
19445;Married;Female;2;High School;Manual;1;Europe;38;No;1;
15265;Single;Male;2;Bachelors;Management;2;Pacific;66;Yes;1;
28918;Married;Female;4;High School;Management;4;Europe;58;No;1;
15799;Married;Female;1;Bachelors;Professional;1;Pacific;47;Yes;1;
11047;Married;Female;3;High School;Skilled Manual;2;Pacific;56;Yes;1;
18151;Single;Male;5;Partial College;Professional;2;Europe;59;No;1;
20606;Married;Female;0;Bachelors;Professional;4;Pacific;32;Yes;1;
19482;Married;Male;1;Partial College;Clerical;1;Europe;44;Yes;1;
16489;Married;Male;3;High School;Skilled Manual;2;Pacific;55;No;1;
26944;Single;Male;2;High School;Manual;0;Europe;36;Yes;1;
15682;Single;Female;5;Bachelors;Management;2;Europe;62;No;1;
26032;Married;Female;5;Bachelors;Professional;4;Pacific;41;No;1;
17843;Single;Female;0;Partial High School;Manual;2;Europe;32;No;1;
25559;Single;Male;0;Bachelors;Clerical;0;Pacific;25;Yes;1;
16209;Single;Female;0;Graduate Degree;Skilled Manual;0;Europe;36;No;1;
11147;Married;Male;2;Graduate Degree;Management;1;Pacific;67;Yes;1;
15214;Single;Female;0;Graduate Degree;Management;1;Pacific;39;Yes;1;
11453;Single;Male;0;Bachelors;Professional;3;Pacific;33;Yes;1;
24584;Single;Male;0;Bachelors;Professional;3;Pacific;31;No;1;
12585;Married;Male;1;High School;Manual;0;Pacific;27;Yes;1;
18626;Single;Male;2;Partial College;Clerical;0;Europe;33;Yes;1;
29298;Single;Female;1;Partial College;Skilled Manual;1;Pacific;46;Yes;1;
24842;Single;Female;3;High School;Professional;1;Europe;51;No;1;
15657;Married;Male;3;Graduate Degree;Clerical;0;Europe;46;Yes;1;
11415;Single;Male;5;Partial College;Professional;2;Europe;62;No;1;
28729;Single;Female;0;Partial High School;Manual;2;Europe;26;Yes;1;
22633;Single;Female;0;Graduate Degree;Clerical;0;Europe;37;Yes;1;
25649;Single;Female;3;Partial College;Clerical;0;Europe;42;Yes;1;
14669;Married;Female;4;Graduate Degree;Management;1;Pacific;36;No;1;
19299;Married;Female;0;Graduate Degree;Skilled Manual;0;Europe;36;Yes;1;
20946;Single;Female;0;Partial College;Clerical;1;Europe;30;No;1;
11451;Single;Male;0;Bachelors;Professional;4;Pacific;31;Yes;1;
25553;Married;Male;1;Bachelors;Clerical;0;Europe;65;Yes;1;
27951;Single;Male;4;Partial College;Professional;2;Europe;54;Yes;1;
25026;Married;Male;2;Partial High School;Clerical;3;Pacific;54;No;1;
13673;Single;Female;0;Partial High School;Manual;2;Europe;25;No;1;
16043;Single;Male;1;Bachelors;Manual;0;Europe;48;No;1;
22399;Single;Male;0;Partial College;Manual;1;Pacific;26;Yes;1;
27696;Married;Male;1;Bachelors;Professional;1;Pacific;43;Yes;1;
25313;Single;Male;0;Partial High School;Manual;2;Europe;35;No;1;
13813;Married;Female;3;Partial College;Clerical;0;Europe;42;No;1;
18711;Single;Female;5;Bachelors;Professional;4;Pacific;39;No;1;
19650;Married;Female;2;Partial College;Clerical;2;Pacific;67;No;1;
14135;Married;Male;1;Partial College;Manual;0;Europe;63;No;1;
12833;Single;Female;3;High School;Manual;1;Europe;42;Yes;1;
26849;Married;Male;3;Partial High School;Manual;2;Europe;43;No;1;
20962;Married;Female;1;Graduate Degree;Clerical;0;Europe;45;No;1;
28915;Single;Male;5;High School;Management;3;Europe;57;No;1;
22830;Married;Male;4;Partial College;Management;3;Europe;56;No;1;
14777;Married;Female;0;Bachelors;Clerical;0;Europe;38;Yes;1;
12591;Married;Female;4;Graduate Degree;Clerical;0;Europe;45;No;1;
24174;Married;Male;0;Bachelors;Clerical;0;Pacific;27;Yes;1;
24611;Single;Male;0;Bachelors;Professional;4;Pacific;35;Yes;1;
11340;Married;Female;1;Graduate Degree;Clerical;0;Europe;70;Yes;1;
25693;Single;Female;5;Graduate Degree;Clerical;0;Europe;44;Yes;1;
25555;Married;Female;0;Partial College;Manual;1;Pacific;26;Yes;1;
22006;Married;Male;5;Partial College;Skilled Manual;3;Pacific;46;No;1;
20060;Single;Female;0;High School;Manual;1;Europe;34;Yes;1;
17702;Married;Male;1;Graduate Degree;Manual;0;Europe;37;No;1;
12503;Single;Female;3;Partial College;Clerical;2;Europe;27;No;1;
23908;Single;Male;1;Bachelors;Clerical;1;Europe;39;Yes;1;
22527;Single;Female;0;High School;Manual;1;Europe;29;No;1;
19057;Married;Female;3;Bachelors;Management;2;Europe;52;Yes;1;
18494;Married;Male;5;Bachelors;Management;4;Pacific;48;Yes;1;
11249;Married;Female;3;Partial College;Professional;3;Europe;51;Yes;1;
21568;Married;Female;0;High School;Management;4;Pacific;34;Yes;1;
13981;Married;Female;5;High School;Skilled Manual;3;Pacific;62;No;1;
23432;Single;Male;0;Bachelors;Professional;1;Pacific;37;Yes;1;
22931;Married;Male;5;Graduate Degree;Management;1;Pacific;78;Yes;1;
18172;Married;Male;4;High School;Professional;3;Europe;55;No;1;
12666;Single;Male;0;Bachelors;Professional;4;Pacific;31;No;1;
20598;Married;Male;3;Partial High School;Professional;0;Europe;59;Yes;1;
21375;Single;Male;2;Partial High School;Clerical;2;Pacific;57;No;1;
20839;Single;Female;3;Graduate Degree;Clerical;0;Europe;47;Yes;1;
21738;Married;Male;1;Graduate Degree;Clerical;0;Europe;43;No;1;
14164;Single;Female;0;Graduate Degree;Skilled Manual;0;Europe;36;Yes;1;
14193;Single;Female;3;Partial College;Management;4;Europe;56;No;1;
12705;Married;Male;0;Bachelors;Management;4;Pacific;37;Yes;1;
22672;Single;Female;2;Partial College;Clerical;0;Europe;43;No;1;
26219;Married;Female;1;Bachelors;Skilled Manual;1;Europe;33;Yes;1;
28468;Married;Female;2;Partial College;Manual;0;Europe;51;No;1;
23419;Single;Female;5;Bachelors;Professional;3;Pacific;39;No;1;
17964;Married;Male;0;Graduate Degree;Clerical;0;Europe;37;Yes;1;
20919;Single;Female;2;Partial College;Clerical;2;Europe;42;No;1;
20927;Single;Female;5;High School;Manual;2;Europe;27;No;1;
13133;Single;Male;5;Bachelors;Professional;1;Pacific;47;Yes;1;
19626;Married;Male;5;Partial College;Skilled Manual;3;Pacific;45;No;1;
21039;Single;Female;0;Graduate Degree;Skilled Manual;0;Europe;37;Yes;1;
12231;Single;Female;2;Partial College;Manual;0;Europe;51;Yes;1;
25665;Single;Female;0;High School;Manual;1;Europe;28;No;1;
24061;Married;Male;4;Partial High School;Manual;1;Europe;40;Yes;1;
26879;Single;Female;0;High School;Manual;1;Europe;30;No;1;
12284;Married;Female;0;Bachelors;Clerical;0;Europe;36;Yes;1;
26654;Married;Female;1;Graduate Degree;Management;0;Pacific;37;Yes;1;
14545;Married;Female;2;Partial College;Manual;0;Europe;49;No;1;
24201;Married;Female;2;High School;Manual;0;Europe;37;Yes;1;
20625;Married;Male;0;High School;Management;3;Pacific;35;Yes;1;
16390;Single;Male;1;Bachelors;Clerical;0;Europe;38;Yes;1;
14804;Single;Female;3;Partial High School;Manual;2;Europe;43;No;1;
12629;Single;Male;1;Partial College;Manual;0;Europe;37;No;1;
14696;Single;Male;0;Partial High School;Manual;2;Europe;34;No;1;
22005;Married;Female;5;Partial College;Skilled Manual;3;Pacific;46;No;1;
14544;Single;Male;1;Partial College;Manual;0;Europe;49;No;1;
14312;Married;Female;1;Partial College;Skilled Manual;1;Pacific;45;No;1;
29120;Single;Female;1;Bachelors;Management;4;Pacific;48;No;1;
24187;Single;Female;3;Graduate Degree;Clerical;0;Europe;46;Yes;1;
15758;Married;Male;0;Graduate Degree;Management;0;Pacific;48;No;1;
29094;Married;Male;3;High School;Skilled Manual;2;Pacific;54;Yes;1;
28319;Single;Female;1;Partial College;Skilled Manual;1;Pacific;46;Yes;1;
16406;Married;Male;0;Bachelors;Clerical;0;Europe;38;Yes;1;
20923;Married;Female;1;Bachelors;Skilled Manual;0;Europe;42;Yes;1;
11378;Single;Female;1;High School;Manual;1;Europe;46;Yes;1;
20851;Single;Male;0;Partial College;Manual;1;Europe;36;Yes;1;
21557;Single;Female;0;Partial College;Management;3;Pacific;32;Yes;1;
26663;Single;Female;2;Bachelors;Professional;1;Pacific;39;Yes;1;
11896;Married;Male;1;Graduate Degree;Management;0;Pacific;36;Yes;1;
14189;Married;Female;4;High School;Professional;2;Europe;54;Yes;1;
13136;Married;Female;2;Partial College;Clerical;2;Pacific;69;No;0;
25906;Single;Female;5;High School;Skilled Manual;2;Pacific;62;No;1;
17926;Married;Female;0;Bachelors;Clerical;0;Pacific;28;Yes;1;
26928;Single;Male;1;Bachelors;Clerical;0;Europe;62;Yes;1;
20897;Married;Female;1;Bachelors;Skilled Manual;2;Europe;40;No;1;
28207;Married;Male;4;Graduate Degree;Management;1;Pacific;36;Yes;1;
25923;Single;Male;2;Partial High School;Clerical;2;Pacific;58;No;1;
11000;Married;Male;2;Bachelors;Professional;0;Pacific;40;Yes;1;
20974;Married;Male;2;Bachelors;Clerical;1;Europe;66;No;1;
28758;Married;Male;2;Partial College;Clerical;1;Europe;35;Yes;1;
11381;Married;Female;2;Partial College;Manual;1;Europe;47;Yes;1;
17522;Married;Male;4;Bachelors;Management;1;Pacific;47;No;1;
21207;Married;Male;1;Partial College;Skilled Manual;1;Pacific;46;No;1;
28102;Married;Male;4;High School;Skilled Manual;2;Pacific;58;Yes;1;
23105;Single;Male;3;Partial High School;Clerical;2;Pacific;52;Yes;1;
18740;Married;Male;5;Bachelors;Professional;1;Pacific;47;Yes;1;
21213;Single;Male;0;Bachelors;Professional;1;Pacific;41;No;1;
17352;Married;Male;2;Graduate Degree;Management;1;Pacific;64;Yes;1;
14154;Married;Male;0;Bachelors;Clerical;0;Europe;35;Yes;1;
19066;Married;Male;4;Partial College;Professional;3;Europe;54;No;1;
11386;Married;Female;3;Bachelors;Clerical;0;Europe;45;No;1;
20228;Married;Male;0;Graduate Degree;Management;0;Pacific;40;Yes;1;
16675;Single;Female;0;Graduate Degree;Management;3;Pacific;47;Yes;1;
16410;Single;Female;4;Partial High School;Manual;2;Europe;41;Yes;1;
27760;Single;Female;0;Graduate Degree;Clerical;0;Europe;37;Yes;1;
22930;Married;Male;4;Bachelors;Professional;0;Pacific;38;Yes;1;
23780;Single;Male;2;Partial College;Clerical;2;Europe;36;Yes;1;
20994;Married;Female;0;Bachelors;Clerical;0;Pacific;26;Yes;1;
28379;Married;Male;1;Bachelors;Skilled Manual;2;Europe;40;No;1;
14865;Single;Male;2;Partial College;Clerical;2;Europe;36;No;1;
12663;Married;Female;5;Partial High School;Skilled Manual;2;Europe;59;No;1;
24898;Single;Female;0;Bachelors;Professional;3;Pacific;32;No;1;
19508;Married;Male;0;Partial High School;Manual;2;Europe;30;No;1;
11489;Single;Female;0;Partial High School;Manual;2;Europe;35;Yes;1;
18160;Married;Male;3;High School;Professional;4;Europe;51;Yes;1;
25241;Married;Male;2;Bachelors;Professional;1;Pacific;47;No;1;
24369;Married;Female;5;Graduate Degree;Management;2;Pacific;39;No;1;
27165;Single;Male;0;Partial High School;Manual;2;Europe;34;No;1;
29424;Married;Male;0;Partial High School;Manual;2;Europe;32;No;1;
15926;Single;Female;3;High School;Professional;4;Europe;50;Yes;1;
14554;Married;Male;1;Bachelors;Clerical;0;Europe;66;No;1;
16468;Single;Male;0;Partial College;Clerical;1;Europe;30;No;1;
19174;Single;Female;0;High School;Manual;1;Europe;32;Yes;1;
19183;Single;Male;0;Partial High School;Manual;2;Europe;35;No;1;
13683;Single;Female;0;High School;Manual;1;Europe;32;No;1;
17848;Single;Male;0;Partial College;Clerical;1;Europe;31;Yes;1;
17894;Married;Female;1;Bachelors;Clerical;0;Europe;50;Yes;1;
25651;Married;Male;1;Bachelors;Skilled Manual;0;Europe;43;Yes;1;
22936;Single;Female;1;Partial College;Skilled Manual;1;Pacific;45;Yes;1;
23915;Married;Male;2;High School;Manual;2;Europe;42;No;1;
24121;Single;Female;0;Partial College;Clerical;1;Europe;29;Yes;1;
27878;Single;Male;0;Partial College;Manual;0;Pacific;28;Yes;1;
13572;Single;Male;3;High School;Manual;0;Europe;37;Yes;1;
27941;Married;Female;4;Partial College;Professional;2;Europe;53;No;1;
26354;Single;Male;0;Graduate Degree;Clerical;0;Europe;38;Yes;1;
14785;Single;Male;1;Bachelors;Clerical;1;Europe;39;No;1;
17238;Single;Male;0;Bachelors;Professional;3;Pacific;32;No;1;
23608;Married;Female;3;High School;Professional;3;Europe;51;Yes;1;
22538;Single;Female;0;Partial High School;Manual;2;Europe;33;No;1;
12332;Married;Male;4;High School;Management;3;Europe;58;Yes;1;
17230;Married;Male;0;Bachelors;Professional;3;Pacific;30;No;1;
13082;Single;Male;0;Graduate Degree;Management;0;Pacific;48;Yes;1;
22518;Single;Female;3;Partial College;Clerical;2;Europe;27;Yes;1;
13687;Married;Male;1;Bachelors;Skilled Manual;1;Europe;33;Yes;1;
23571;Married;Female;2;Bachelors;Management;2;Pacific;66;Yes;1;
19305;Single;Female;2;High School;Manual;1;Europe;38;Yes;1;
22636;Single;Female;0;Bachelors;Clerical;0;Europe;38;Yes;1;
17310;Married;Male;1;Partial College;Skilled Manual;1;Pacific;45;Yes;1;
12133;Married;Female;3;Partial College;Professional;3;Europe;50;Yes;1;
25918;Single;Female;2;Partial College;Clerical;2;Pacific;60;Yes;1;
25752;Single;Female;2;Partial College;Manual;1;Europe;53;Yes;1;
17324;Married;Female;4;Bachelors;Professional;1;Pacific;46;No;1;
22918;Single;Male;5;Graduate Degree;Management;3;Pacific;40;No;1;
12510;Married;Male;1;Bachelors;Skilled Manual;1;Europe;43;Yes;1;
25512;Single;Male;0;High School;Manual;1;Europe;30;No;1;
16179;Single;Female;5;Bachelors;Professional;4;Pacific;38;No;1;
15628;Married;Female;1;Bachelors;Skilled Manual;1;Europe;89;No;1;
20977;Married;Male;1;Bachelors;Clerical;0;Europe;64;Yes;1;
18140;Married;Male;3;Partial College;Professional;3;Europe;51;Yes;1;
20417;Married;Male;3;Partial College;Clerical;2;Pacific;56;No;1;
18267;Married;Male;3;Bachelors;Professional;2;Pacific;43;No;1;
13620;Single;Male;0;Bachelors;Professional;3;Pacific;30;Yes;1;
22974;Married;Female;2;Partial College;Clerical;2;Pacific;69;No;1;
13586;Married;Male;4;Partial College;Professional;2;Europe;53;No;1;
17978;Married;Male;0;Graduate Degree;Clerical;0;Europe;37;Yes;1;
12581;Single;Female;0;Partial College;Manual;1;Pacific;28;Yes;1;
18018;Single;Male;3;Partial College;Clerical;0;Europe;43;No;1;
28957;Single;Female;0;Partial High School;Professional;4;Pacific;34;Yes;1;
13690;Single;Female;0;Partial High School;Manual;2;Europe;34;Yes;1;
12568;Married;Female;1;Bachelors;Clerical;0;Europe;64;No;1;
13122;Married;Female;0;Bachelors;Professional;1;Pacific;41;Yes;1;
21184;Single;Male;0;Bachelors;Professional;1;Pacific;38;No;1;
26150;Single;Female;0;Bachelors;Professional;1;Pacific;41;Yes;1;
24151;Single;Male;1;Bachelors;Clerical;0;Europe;51;No;1;
23962;Married;Female;0;Partial High School;Manual;2;Europe;32;No;1;
17793;Married;Female;0;Bachelors;Clerical;0;Europe;38;Yes;1;
14926;Married;Male;1;Bachelors;Clerical;0;Europe;38;Yes;1;
16163;Single;Male;2;Bachelors;Professional;1;Pacific;38;Yes;1;
21365;Married;Female;2;Partial High School;Clerical;2;Pacific;58;No;1;
27771;Single;Male;1;Bachelors;Clerical;1;Europe;39;Yes;1;
26167;Single;Female;2;Bachelors;Management;1;Pacific;53;Yes;1;
25792;Single;Female;3;Bachelors;Management;4;Europe;53;No;1;
11555;Married;Female;1;Bachelors;Clerical;0;Europe;80;No;1;
22381;Married;Male;1;Graduate Degree;Manual;0;Europe;44;No;1;
17882;Married;Male;1;Graduate Degree;Clerical;0;Europe;44;No;1;
22174;Married;Male;3;High School;Skilled Manual;2;Pacific;54;Yes;1;
22439;Married;Female;0;Bachelors;Clerical;0;Europe;37;Yes;1;
18012;Married;Female;1;Bachelors;Skilled Manual;0;Europe;41;No;1;
27582;Single;Female;2;Bachelors;Professional;0;Pacific;36;Yes;1;
12744;Single;Female;2;Partial College;Clerical;0;Europe;33;No;1;
22821;Married;Female;3;Partial College;Professional;4;Europe;52;No;1;
20171;Married;Female;2;Partial College;Manual;1;Europe;46;Yes;1;
11116;Married;Male;5;Partial College;Skilled Manual;2;Pacific;43;No;1;
20053;Single;Male;2;Partial College;Clerical;0;Europe;34;No;1;
25266;Single;Female;2;Partial College;Clerical;2;Pacific;67;No;1;
17960;Married;Female;0;Graduate Degree;Clerical;0;Europe;35;Yes;1;
13961;Married;Female;5;Graduate Degree;Management;3;Pacific;40;No;1;
11897;Single;Male;2;Bachelors;Professional;1;Pacific;37;Yes;1;
11139;Single;Female;2;Partial College;Clerical;2;Pacific;67;No;1;
11576;Married;Male;1;Bachelors;Skilled Manual;2;Europe;41;Yes;1;
19255;Single;Male;2;Partial College;Manual;1;Europe;51;Yes;1;
18153;Married;Female;2;Bachelors;Management;4;Europe;59;No;1;
14547;Married;Male;2;Partial College;Manual;0;Europe;51;No;1;
24901;Single;Male;0;Partial College;Management;3;Pacific;32;Yes;1;
27169;Single;Male;0;High School;Manual;1;Europe;34;Yes;1;
14805;Single;Female;3;Partial High School;Manual;2;Europe;43;No;1;
15822;Married;Male;2;Bachelors;Management;2;Pacific;67;No;1;
19389;Single;Male;0;Partial College;Clerical;1;Europe;28;No;1;
17048;Single;Female;1;Graduate Degree;Management;0;Pacific;36;Yes;1;
22204;Married;Male;4;Bachelors;Management;3;Pacific;48;No;1;
12718;Single;Female;0;Partial College;Clerical;1;Europe;31;No;1;
15019;Single;Female;3;High School;Skilled Manual;2;Pacific;55;No;1;
28488;Single;Male;0;Partial College;Manual;0;Pacific;28;Yes;1;
21891;Married;Female;0;High School;Management;3;Pacific;34;Yes;1;
27814;Single;Female;3;Partial College;Clerical;1;Europe;26;No;1;
22175;Married;Female;3;High School;Skilled Manual;2;Pacific;53;Yes;1;
29447;Single;Female;2;Bachelors;Clerical;1;Europe;68;No;1;
19784;Married;Female;2;High School;Skilled Manual;2;Pacific;50;Yes;1;
27824;Single;Female;3;Partial College;Clerical;2;Europe;28;Yes;1;
24093;Single;Female;0;Graduate Degree;Skilled Manual;0;Europe;40;Yes;1;
19618;Married;Male;5;Partial College;Skilled Manual;2;Pacific;44;No;1;
21561;Single;Male;0;Bachelors;Professional;3;Pacific;34;Yes;1;
11061;Married;Male;2;Partial College;Skilled Manual;2;Pacific;52;Yes;1;
26651;Single;Male;4;Graduate Degree;Management;0;Pacific;36;Yes;1;
21108;Married;Female;1;Bachelors;Skilled Manual;1;Europe;43;Yes;1;
12731;Single;Male;0;High School;Manual;1;Europe;32;No;1;
25307;Married;Female;1;Bachelors;Skilled Manual;1;Europe;32;Yes;1;
14278;Married;Female;0;Graduate Degree;Management;1;Pacific;48;No;1;
20711;Married;Female;1;Bachelors;Skilled Manual;0;Europe;32;Yes;1;
11383;Married;Female;3;Graduate Degree;Clerical;0;Europe;46;No;1;
12497;Married;Female;1;Bachelors;Skilled Manual;0;Europe;42;No;1;
16559;Single;Female;2;High School;Manual;0;Europe;36;Yes;1;
11585;Married;Female;1;Bachelors;Skilled Manual;0;Europe;41;No;1;
20277;Married;Female;2;Partial College;Clerical;2;Pacific;69;No;1;
26765;Single;Female;5;Partial College;Skilled Manual;2;Pacific;45;No;1;
12389;Single;Male;0;High School;Manual;1;Europe;34;No;1;
13585;Married;Female;4;Partial College;Professional;1;Europe;53;Yes;1;
26385;Single;Male;3;High School;Professional;4;Europe;50;No;1;
12236;Married;Female;1;Partial College;Manual;0;Europe;65;No;1;
21560;Married;Male;0;Partial High School;Professional;4;Pacific;32;Yes;1;
21554;Single;Female;0;Bachelors;Professional;3;Pacific;33;No;1;
13662;Single;Male;0;Partial High School;Manual;2;Europe;31;Yes;1;
13089;Married;Female;1;Bachelors;Management;2;Pacific;46;Yes;1;
14791;Married;Female;0;Bachelors;Clerical;0;Europe;39;Yes;1;
19331;Single;Male;2;High School;Manual;1;Europe;40;No;1;
17754;Single;Female;3;Bachelors;Clerical;0;Europe;46;Yes;1;
11149;Married;Male;2;Bachelors;Management;2;Pacific;65;No;1;
16549;Single;Female;3;Bachelors;Clerical;0;Europe;47;Yes;1;
24305;Single;Male;1;Bachelors;Management;3;Pacific;46;Yes;1;
18253;Married;Female;5;Graduate Degree;Management;3;Pacific;40;No;1;
20147;Married;Female;1;Bachelors;Clerical;0;Europe;65;No;1;
15612;Single;Male;0;High School;Manual;1;Europe;28;No;1;
28323;Single;Male;0;Bachelors;Professional;2;Pacific;43;Yes;1;
22634;Single;Female;0;Graduate Degree;Clerical;0;Europe;38;Yes;1;
15665;Married;Female;0;Bachelors;Clerical;0;Europe;47;Yes;1;
27585;Married;Female;2;Bachelors;Professional;0;Pacific;36;Yes;1;
19748;Married;Male;4;High School;Skilled Manual;2;Pacific;60;No;1;
21974;Single;Female;0;Bachelors;Professional;1;Pacific;42;Yes;1;
14032;Married;Male;2;High School;Skilled Manual;2;Pacific;50;Yes;1;
22610;Married;Male;0;Bachelors;Clerical;0;Europe;35;Yes;1;
26984;Married;Male;1;Bachelors;Skilled Manual;1;Europe;32;Yes;1;
18294;Married;Female;1;Bachelors;Professional;1;Pacific;46;No;1;
28564;Single;Female;2;Partial College;Clerical;0;Europe;33;Yes;1;
28521;Single;Male;0;Graduate Degree;Clerical;0;Europe;36;Yes;1;
15450;Married;Male;1;Graduate Degree;Clerical;0;Europe;70;No;1;
25681;Single;Female;0;Partial College;Clerical;1;Europe;31;Yes;1;
19491;Single;Male;2;Partial College;Clerical;2;Europe;42;No;1;
26415;Married;Female;4;Partial High School;Skilled Manual;4;Europe;58;No;1;
12821;Married;Male;0;Bachelors;Clerical;0;Europe;39;No;1;
15629;Single;Female;0;Partial High School;Manual;2;Europe;34;No;1;
27835;Married;Male;0;Partial High School;Manual;2;Europe;32;No;1;
11738;Married;Male;4;Bachelors;Professional;0;North America;46;No;1;
25065;Married;Male;2;Partial High School;Skilled Manual;2;North America;48;No;1;
26238;Single;Female;3;Partial College;Clerical;1;North America;31;Yes;1;
23707;Single;Male;5;Bachelors;Management;3;North America;60;Yes;1;
27650;Married;Male;4;High School;Professional;0;North America;51;No;1;
24981;Married;Male;2;Partial College;Professional;2;North America;56;No;1;
20678;Single;Female;3;Bachelors;Skilled Manual;1;North America;40;Yes;1;
15302;Single;Female;1;Graduate Degree;Professional;0;North America;34;Yes;1;
26012;Married;Male;1;Partial College;Skilled Manual;1;North America;48;Yes;1;
26575;Single;Female;0;High School;Skilled Manual;2;North America;31;Yes;1;
15559;Married;Male;5;Bachelors;Professional;1;North America;47;No;1;
19235;Married;Female;0;Graduate Degree;Skilled Manual;0;North America;34;No;1;
15275;Married;Male;0;Partial College;Skilled Manual;1;North America;29;No;1;
20339;Married;Female;1;Bachelors;Management;4;North America;44;Yes;1;
25405;Married;Male;2;Bachelors;Skilled Manual;1;North America;38;Yes;1;
15940;Married;Male;4;Partial College;Professional;4;North America;40;No;1;
25074;Married;Female;4;Bachelors;Professional;2;North America;42;Yes;1;
24738;Married;Female;1;Partial College;Clerical;1;North America;51;Yes;1;
16337;Married;Male;0;Partial College;Skilled Manual;2;North America;29;No;1;
24357;Married;Male;3;Bachelors;Professional;1;North America;48;Yes;1;
18613;Single;Male;0;Bachelors;Professional;1;North America;37;Yes;1;
12207;Single;Male;4;Bachelors;Management;2;North America;66;Yes;1;
18052;Married;Female;1;Partial College;Skilled Manual;1;North America;45;Yes;1;
13353;Single;Female;4;Graduate Degree;Management;2;North America;61;Yes;1;
19399;Single;Male;0;Bachelors;Professional;1;North America;45;No;1;
16154;Married;Female;5;Bachelors;Professional;2;North America;47;No;1;
22219;Married;Female;2;High School;Professional;2;North America;49;No;1;
17269;Single;Male;3;Bachelors;Professional;0;North America;47;Yes;1;
23586;Married;Female;0;Bachelors;Management;1;North America;34;Yes;1;
15740;Married;Male;5;Bachelors;Management;2;North America;64;No;1;
27638;Single;Male;1;Partial College;Professional;3;North America;44;No;1;
18976;Single;Male;4;High School;Professional;2;North America;62;Yes;1;
19413;Single;Male;3;Bachelors;Professional;1;North America;47;Yes;1;
13283;Married;Male;3;Partial College;Professional;2;North America;49;Yes;1;
17471;Single;Female;4;Graduate Degree;Management;2;North America;67;No;1;
16791;Single;Male;5;Bachelors;Management;3;North America;59;Yes;1;
15382;Married;Female;1;Bachelors;Management;2;North America;44;No;1;
11641;Married;Male;1;Bachelors;Skilled Manual;0;North America;36;No;1;
11935;Single;Female;0;Partial College;Skilled Manual;1;North America;28;No;1;
13233;Married;Male;2;Partial College;Professional;1;North America;57;Yes;1;
25909;Married;Male;0;Partial College;Skilled Manual;1;North America;27;Yes;1;
14092;Single;Male;0;Partial High School;Clerical;2;North America;28;No;1;
29143;Single;Female;1;Bachelors;Professional;1;North America;44;Yes;1;
24941;Married;Male;3;Bachelors;Management;2;North America;66;No;1;
24637;Married;Male;4;High School;Professional;2;North America;64;No;1;
23893;Married;Male;3;Bachelors;Skilled Manual;3;North America;41;No;1;
13907;Single;Female;3;Bachelors;Skilled Manual;1;North America;41;Yes;1;
14900;Married;Female;1;Partial College;Clerical;1;North America;49;Yes;1;
11262;Married;Female;4;Bachelors;Management;0;North America;42;No;1;
22294;Single;Female;0;Bachelors;Professional;1;North America;37;Yes;1;
12195;Single;Female;3;Graduate Degree;Management;2;North America;52;No;1;
25375;Married;Male;1;Graduate Degree;Skilled Manual;0;North America;34;No;1;
11143;Married;Male;0;High School;Skilled Manual;2;North America;29;No;1;
25898;Married;Female;2;High School;Professional;2;North America;53;No;1;
24397;Single;Male;2;Bachelors;Management;4;North America;40;No;1;
19758;Single;Male;0;Partial College;Skilled Manual;2;North America;29;No;1;
15529;Married;Male;4;Bachelors;Professional;2;North America;43;Yes;1;
19884;Married;Male;2;High School;Professional;2;North America;55;Yes;1;
18674;Single;Female;4;Graduate Degree;Skilled Manual;0;North America;48;No;1;
13453;Married;Female;1;Bachelors;Management;3;North America;45;Yes;1;
14063;Single;Female;0;Bachelors;Professional;1;Pacific;42;Yes;1;
27393;Married;Female;4;Bachelors;Management;2;North America;63;No;1;
14417;Single;Male;3;High School;Professional;2;North America;54;Yes;1;
17533;Married;Male;3;Partial College;Professional;2;North America;73;Yes;1;
18580;Married;Female;2;Graduate Degree;Professional;0;North America;36;Yes;1;
17025;Single;Male;0;Partial College;Skilled Manual;1;North America;39;Yes;1;
25293;Married;Male;4;Bachelors;Management;0;North America;42;No;1;
24725;Married;Female;3;Partial College;Clerical;0;North America;31;No;1;
23200;Married;Female;3;Bachelors;Skilled Manual;2;North America;41;No;1;
15895;Single;Female;2;Bachelors;Management;0;North America;58;No;1;
18577;Married;Female;0;Graduate Degree;Professional;0;North America;40;No;1;
27218;Married;Female;2;Partial High School;Clerical;2;North America;48;No;1;
18560;Married;Female;2;Graduate Degree;Professional;0;North America;34;Yes;1;
25006;Single;Female;0;Partial College;Skilled Manual;1;North America;28;No;1;
17369;Single;Male;0;Partial College;Skilled Manual;1;North America;27;No;1;
14495;Married;Male;3;Partial College;Professional;2;North America;54;Yes;1;
18847;Married;Female;2;Graduate Degree;Management;2;North America;70;No;1;
14754;Married;Male;1;Partial College;Clerical;1;North America;48;Yes;1;
23378;Married;Male;1;Partial College;Skilled Manual;1;North America;44;Yes;1;
26452;Single;Male;3;Graduate Degree;Management;2;North America;69;No;1;
20370;Married;Male;3;Partial High School;Skilled Manual;2;North America;52;No;1;
20528;Married;Male;2;Partial High School;Skilled Manual;2;North America;55;No;1;
23549;Single;Male;0;High School;Skilled Manual;2;North America;30;No;1;
21751;Married;Male;3;Graduate Degree;Management;2;North America;63;No;1;
21266;Single;Female;0;Bachelors;Management;1;North America;34;Yes;1;
13388;Single;Male;2;Partial College;Professional;1;North America;56;No;1;
18752;Single;Female;0;High School;Skilled Manual;1;North America;31;No;1;
16917;Married;Male;1;Bachelors;Management;4;North America;38;No;1;
15313;Married;Male;4;Bachelors;Management;2;North America;59;No;1;
25329;Single;Female;3;Partial College;Clerical;2;North America;32;No;1;
20380;Married;Female;3;Graduate Degree;Management;2;North America;69;No;1;
23089;Married;Male;0;Partial College;Skilled Manual;1;North America;28;No;1;
13749;Married;Male;4;Graduate Degree;Skilled Manual;0;North America;47;No;1;
24943;Married;Male;3;Bachelors;Management;2;North America;66;No;1;
28667;Single;Male;2;Bachelors;Skilled Manual;1;North America;37;Yes;1;
15194;Single;Male;2;Bachelors;Management;3;North America;39;Yes;1;
17436;Married;Male;2;High School;Professional;2;North America;51;No;1;
18935;Married;Female;0;Graduate Degree;Management;3;North America;40;No;1;
16871;Married;Female;2;High School;Professional;1;North America;51;Yes;1;
12100;Single;Male;2;Bachelors;Management;0;North America;57;No;1;
23158;Married;Female;1;Graduate Degree;Professional;0;North America;35;Yes;1;
18545;Married;Male;4;High School;Professional;2;North America;61;Yes;1;
18391;Single;Female;5;Partial College;Professional;2;North America;44;No;1;
19812;Single;Female;2;Partial College;Professional;0;North America;49;Yes;1;
27660;Married;Male;4;Graduate Degree;Management;2;North America;70;No;1;
18058;Single;Female;3;High School;Skilled Manual;2;North America;78;No;1;
20343;Married;Female;4;Partial College;Professional;1;North America;45;No;1;
28997;Single;Male;2;High School;Professional;1;North America;58;Yes;1;
24398;Married;Male;1;Graduate Degree;Management;4;North America;41;No;1;
19002;Married;Female;2;Partial College;Professional;1;North America;57;Yes;1;
28609;Married;Male;2;High School;Skilled Manual;2;North America;49;No;1;
29231;Single;Female;4;Partial College;Professional;2;North America;43;No;1;
18858;Single;Male;2;Partial High School;Skilled Manual;2;North America;52;Yes;1;
20000;Married;Male;1;Graduate Degree;Professional;0;North America;35;Yes;1;
25261;Married;Male;0;High School;Skilled Manual;2;North America;27;No;1;
17458;Single;Male;3;High School;Professional;0;North America;52;Yes;1;
11644;Single;Male;2;Bachelors;Skilled Manual;0;North America;36;No;1;
16145;Single;Female;5;Graduate Degree;Professional;3;North America;46;Yes;1;
16890;Married;Male;3;Partial High School;Skilled Manual;2;North America;52;Yes;1;
25983;Married;Male;0;Bachelors;Professional;1;North America;43;No;1;
14633;Married;Male;1;Partial College;Skilled Manual;1;North America;44;No;1;
22994;Married;Female;0;Bachelors;Management;1;North America;34;Yes;1;
22983;Single;Female;0;Partial High School;Clerical;2;North America;27;No;1;
25184;Single;Male;1;Partial College;Professional;4;North America;45;Yes;1;
14469;Married;Female;3;Partial College;Professional;4;North America;45;No;1;
11538;Single;Female;4;Graduate Degree;Skilled Manual;0;North America;47;Yes;1;
16245;Single;Female;4;Graduate Degree;Skilled Manual;0;North America;47;No;1;
17858;Married;Male;4;High School;Skilled Manual;2;North America;44;Yes;1;
25347;Single;Female;3;Partial High School;Clerical;2;North America;49;No;1;
15814;Single;Female;0;High School;Skilled Manual;1;North America;30;No;1;
11259;Married;Female;4;Partial College;Professional;4;North America;41;Yes;1;
11200;Married;Male;4;Bachelors;Management;1;North America;58;No;1;
25101;Married;Male;5;Bachelors;Professional;1;North America;47;No;1;
21801;Married;Female;4;Partial College;Professional;1;North America;55;No;1;
25943;Single;Female;0;Partial College;Skilled Manual;2;North America;27;Yes;1;
22127;Married;Male;3;Graduate Degree;Management;2;North America;67;No;1;
20414;Married;Female;0;Partial College;Skilled Manual;2;North America;29;No;1;
23672;Married;Female;3;Graduate Degree;Management;2;North America;67;No;1;
29255;Single;Male;3;Partial College;Professional;1;North America;51;Yes;1;
28815;Married;Female;1;Graduate Degree;Skilled Manual;0;North America;35;No;1;
27753;Married;Male;0;High School;Skilled Manual;2;North America;30;No;1;
27643;Single;Male;5;Partial College;Professional;3;North America;44;No;1;
13754;Single;Female;4;Graduate Degree;Skilled Manual;0;North America;48;No;1;
22088;Married;Female;1;Bachelors;Management;2;North America;45;Yes;1;
27388;Married;Male;3;Bachelors;Management;2;North America;66;No;1;
24745;Single;Female;2;High School;Skilled Manual;2;North America;49;No;1;
29237;Single;Female;4;Partial College;Professional;3;North America;43;Yes;1;
15272;Single;Male;0;High School;Skilled Manual;2;North America;30;No;1;
18949;Single;Male;3;Graduate Degree;Management;2;North America;74;Yes;1;
14507;Married;Male;2;Graduate Degree;Management;3;North America;65;No;1;
25886;Married;Female;2;Partial College;Professional;2;North America;56;Yes;1;
21441;Married;Male;4;Bachelors;Management;2;North America;64;No;1;
21741;Married;Female;3;Partial College;Professional;2;North America;50;Yes;1;
14572;Married;Female;3;Graduate Degree;Professional;0;North America;35;Yes;1;
23368;Married;Female;5;Bachelors;Skilled Manual;3;North America;41;No;1;
16217;Single;Female;0;Graduate Degree;Skilled Manual;0;North America;39;No;1;
16247;Single;Female;4;Graduate Degree;Skilled Manual;0;North America;47;No;1;
22010;Single;Male;0;High School;Skilled Manual;2;North America;31;No;1;
25872;Single;Female;2;Bachelors;Management;1;North America;58;Yes;1;
19164;Single;Female;0;Bachelors;Professional;1;North America;38;Yes;1;
18435;Single;Female;5;Graduate Degree;Management;2;North America;67;Yes;1;
14284;Single;Male;0;Partial College;Professional;2;North America;32;Yes;1;
11287;Married;Male;5;Partial College;Professional;3;North America;45;No;1;
13066;Single;Male;0;High School;Skilled Manual;2;North America;31;Yes;1;
29106;Single;Male;0;High School;Skilled Manual;2;North America;31;Yes;1;
26236;Married;Female;3;Partial College;Clerical;1;North America;31;No;1;
17531;Married;Male;2;High School;Professional;2;North America;50;No;1;
12964;Married;Male;1;Partial College;Skilled Manual;1;North America;44;No;1;
19133;Single;Male;2;Bachelors;Skilled Manual;1;North America;38;Yes;1;
24643;Single;Female;4;Bachelors;Management;2;North America;63;No;1;
21599;Married;Female;1;Graduate Degree;Professional;0;North America;36;Yes;1;
22976;Single;Male;0;High School;Skilled Manual;2;North America;28;Yes;1;
27637;Single;Female;1;Partial College;Professional;3;North America;44;No;1;
11890;Married;Female;5;Graduate Degree;Professional;1;North America;47;No;1;
28580;Married;Female;0;Graduate Degree;Skilled Manual;0;North America;40;Yes;1;
14443;Married;Male;1;Graduate Degree;Management;4;North America;40;No;1;
17864;Married;Female;1;Partial College;Skilled Manual;1;North America;46;Yes;1;
20505;Married;Female;5;High School;Professional;2;North America;61;No;1;
14592;Married;Female;0;Graduate Degree;Professional;0;North America;40;No;1;
22227;Married;Female;2;High School;Professional;2;North America;50;No;1;
21471;Married;Male;2;Partial College;Professional;1;North America;59;No;1;
22252;Single;Female;1;Graduate Degree;Professional;0;North America;36;Yes;1;
21260;Single;Female;0;High School;Skilled Manual;2;North America;30;No;1;
11817;Single;Female;4;Graduate Degree;Professional;0;North America;35;Yes;1;
19223;Married;Female;2;High School;Skilled Manual;2;North America;48;No;1;
18517;Married;Male;3;Bachelors;Management;4;North America;41;No;1;
21717;Married;Male;2;Partial College;Clerical;1;North America;47;No;1;
13760;Married;Male;4;Graduate Degree;Skilled Manual;0;North America;47;No;1;
18145;Married;Male;5;Bachelors;Management;2;Europe;62;No;1;
21770;Married;Male;4;Bachelors;Management;2;North America;60;No;1;
11165;Married;Female;0;Partial College;Skilled Manual;1;North America;33;No;1;
16377;Single;Female;4;Graduate Degree;Skilled Manual;0;North America;47;No;1;
26248;Married;Male;3;Partial High School;Clerical;2;North America;52;No;1;
23461;Married;Female;5;Partial College;Professional;3;North America;40;No;1;
29133;Single;Female;4;Bachelors;Skilled Manual;2;North America;42;No;1;
27673;Single;Female;3;Graduate Degree;Management;2;North America;53;Yes;1;
12774;Married;Female;1;Partial College;Clerical;1;North America;51;Yes;1;
18910;Single;Male;0;Partial College;Skilled Manual;2;North America;30;No;1;
11699;Single;Male;4;Bachelors;Skilled Manual;2;North America;43;No;1;
16725;Married;Male;0;High School;Skilled Manual;2;North America;26;No;1;
28269;Single;Female;1;Bachelors;Management;1;North America;45;No;1;
23144;Married;Male;1;Bachelors;Skilled Manual;0;North America;34;Yes;1;
23376;Married;Male;1;Bachelors;Professional;1;North America;44;Yes;1;
25970;Single;Female;4;Bachelors;Skilled Manual;2;North America;41;Yes;1;
28068;Single;Female;3;Graduate Degree;Professional;0;North America;36;Yes;1;
18390;Married;Male;5;Partial College;Professional;2;North America;44;No;1;
29112;Single;Male;0;Partial College;Professional;2;North America;30;No;1;
14090;Married;Female;0;Partial High School;Clerical;2;North America;28;No;1;
27040;Married;Male;2;Partial High School;Clerical;2;North America;49;No;1;
23479;Single;Male;0;Partial College;Professional;2;North America;43;Yes;1;
16795;Married;Female;4;Bachelors;Management;1;North America;59;No;1;
22014;Single;Male;0;High School;Skilled Manual;2;North America;26;No;1;
13314;Married;Male;1;High School;Professional;4;North America;46;Yes;1;
11619;Single;Female;0;Graduate Degree;Skilled Manual;0;North America;33;No;1;
29132;Single;Female;0;Bachelors;Professional;1;North America;42;Yes;1;
11199;Married;Female;4;Bachelors;Management;1;North America;59;No;1;
20296;Single;Female;0;Partial College;Skilled Manual;1;North America;33;Yes;1;
17546;Married;Female;1;Partial College;Skilled Manual;1;North America;44;Yes;1;
18069;Married;Male;5;Bachelors;Management;4;North America;60;No;1;
23712;Single;Female;2;Bachelors;Management;1;North America;59;No;1;
23358;Married;Male;0;High School;Professional;2;North America;32;Yes;1;
20518;Married;Female;2;Partial College;Professional;1;North America;58;No;1;
28026;Married;Female;2;High School;Professional;2;North America;59;No;1;
11669;Single;Female;2;Bachelors;Skilled Manual;1;North America;38;No;1;
16020;Married;Male;0;High School;Skilled Manual;2;North America;28;Yes;1;
27090;Married;Female;1;Graduate Degree;Professional;0;North America;37;Yes;1;
27198;Single;Female;0;Graduate Degree;Skilled Manual;0;North America;40;No;1;
19661;Single;Male;4;Bachelors;Management;1;North America;38;Yes;1;
26327;Married;Male;4;Graduate Degree;Professional;0;North America;36;Yes;1;
26341;Married;Female;5;Graduate Degree;Professional;2;North America;37;No;1;
24958;Single;Female;5;High School;Professional;3;North America;60;Yes;1;
13287;Single;Male;4;Bachelors;Management;4;North America;42;Yes;1;
14493;Single;Female;3;Graduate Degree;Management;2;North America;53;No;1;
26678;Single;Female;2;Partial High School;Skilled Manual;2;North America;49;No;1;
23275;Married;Male;2;High School;Skilled Manual;2;North America;49;No;1;
11270;Married;Male;2;Graduate Degree;Management;3;North America;42;Yes;1;
20084;Married;Male;2;High School;Manual;2;North America;53;No;1;
16144;Married;Male;1;Graduate Degree;Professional;1;North America;46;Yes;1;
27731;Married;Male;0;High School;Skilled Manual;2;North America;27;No;1;
11886;Married;Female;3;Bachelors;Professional;1;North America;48;Yes;1;
24324;Single;Female;4;Bachelors;Skilled Manual;2;North America;41;Yes;1;
22220;Married;Male;2;High School;Professional;2;North America;49;Yes;1;
26625;Single;Female;0;Graduate Degree;Professional;1;North America;38;Yes;1;
23027;Single;Male;1;Bachelors;Management;4;North America;44;No;1;
16867;Single;Female;1;Bachelors;Management;3;North America;45;Yes;1;
14514;Single;Female;0;Partial College;Skilled Manual;1;North America;26;No;1;
19634;Married;Male;0;High School;Skilled Manual;1;North America;31;No;1;
18504;Married;Male;2;Partial High School;Skilled Manual;2;North America;49;No;1;
28799;Single;Female;2;Partial College;Clerical;1;North America;47;Yes;1;
11225;Married;Female;2;Partial College;Professional;1;North America;55;No;1;
17657;Married;Male;4;Partial College;Clerical;0;North America;30;No;1;
14913;Married;Female;1;Partial College;Clerical;1;North America;48;Yes;1;
14077;Single;Male;0;High School;Skilled Manual;2;North America;30;No;1;
13296;Married;Male;1;Bachelors;Management;3;North America;45;No;1;
20535;Married;Female;4;Partial College;Professional;1;North America;56;No;1;
12452;Married;Male;4;Graduate Degree;Skilled Manual;0;North America;47;Yes;1;
28043;Married;Female;2;Bachelors;Management;0;North America;56;No;1;
12957;Single;Female;1;Bachelors;Professional;1;North America;44;No;1;
15412;Married;Male;2;Graduate Degree;Management;3;North America;69;No;1;
20514;Married;Female;2;Partial College;Professional;1;North America;59;No;1;
20758;Married;Male;2;High School;Skilled Manual;2;North America;50;No;1;
11801;Married;Male;1;Graduate Degree;Professional;0;North America;36;No;1;
22211;Married;Male;0;Partial College;Professional;2;North America;32;No;1;
28087;Single;Female;0;Partial College;Skilled Manual;1;North America;27;No;1;
23668;Married;Female;4;High School;Professional;2;North America;59;Yes;1;
27441;Married;Male;3;High School;Professional;2;North America;53;No;1;
27261;Married;Male;1;Bachelors;Skilled Manual;1;North America;36;Yes;1;
18649;Single;Male;1;High School;Clerical;2;North America;51;Yes;1;
21714;Single;Female;5;Graduate Degree;Skilled Manual;0;North America;47;No;1;
23217;Single;Female;3;Graduate Degree;Professional;0;North America;43;Yes;1;
23797;Single;Male;3;Partial High School;Clerical;2;North America;50;No;1;
13216;Married;Female;5;Bachelors;Management;3;North America;59;No;1;
20657;Single;Male;2;Bachelors;Skilled Manual;0;North America;37;Yes;1;
12882;Married;Male;1;Graduate Degree;Skilled Manual;0;North America;33;Yes;1;
25908;Married;Female;0;Partial College;Skilled Manual;1;North America;27;No;1;
16753;Single;Female;0;Partial College;Skilled Manual;2;North America;34;Yes;1;
14608;Married;Male;4;Bachelors;Skilled Manual;3;North America;42;No;1;
24979;Married;Female;2;Partial College;Professional;2;North America;57;Yes;1;
13313;Married;Female;1;High School;Professional;4;North America;45;No;1;
18952;Married;Female;4;Bachelors;Management;4;North America;40;No;1;
17699;Married;Male;1;Graduate Degree;Skilled Manual;0;North America;35;No;1;
14657;Married;Male;1;Partial College;Skilled Manual;1;North America;47;Yes;1;
11540;Single;Male;4;Graduate Degree;Skilled Manual;0;North America;47;Yes;1;
11783;Married;Female;1;Graduate Degree;Skilled Manual;0;North America;34;No;1;
14602;Married;Female;3;Graduate Degree;Professional;0;North America;36;Yes;1;
29030;Married;Male;2;Partial High School;Skilled Manual;2;North America;54;No;1;
26490;Single;Male;2;Bachelors;Management;1;North America;59;Yes;1;
13151;Single;Male;0;High School;Skilled Manual;2;North America;27;No;1;
17260;Married;Male;5;Partial College;Professional;3;North America;41;No;1;
15372;Married;Male;3;Partial College;Professional;2;North America;50;Yes;1;
18105;Married;Female;2;Partial College;Professional;1;North America;55;No;1;
19660;Married;Male;4;Bachelors;Management;0;North America;43;No;1;
16112;Single;Male;4;Bachelors;Professional;2;North America;43;Yes;1;
20698;Married;Male;4;Bachelors;Skilled Manual;3;North America;42;No;1;
20076;Single;Female;2;High School;Manual;2;North America;53;Yes;1;
24496;Single;Female;0;High School;Skilled Manual;2;North America;28;Yes;1;
15468;Married;Female;1;Bachelors;Skilled Manual;1;North America;35;No;1;
28031;Single;Female;2;Bachelors;Management;1;North America;59;Yes;1;
26270;Single;Female;2;Partial High School;Clerical;2;North America;49;No;1;
22221;Married;Male;2;High School;Professional;2;North America;48;Yes;1;
28228;Single;Female;2;Partial High School;Skilled Manual;2;North America;50;No;1;
18363;Married;Male;0;High School;Skilled Manual;2;North America;28;Yes;1;
23256;Single;Male;1;High School;Clerical;1;North America;52;No;1;
12768;Married;Male;1;High School;Clerical;1;North America;52;Yes;1;
20361;Married;Male;2;Graduate Degree;Management;2;North America;69;No;1;
21306;Single;Male;2;High School;Professional;2;North America;51;No;1;
13382;Married;Male;5;Partial College;Professional;2;North America;57;Yes;1;
20310;Single;Male;0;Partial College;Skilled Manual;1;North America;27;Yes;1;
22971;Single;Female;0;High School;Skilled Manual;2;North America;25;Yes;1;
15287;Single;Female;1;Graduate Degree;Skilled Manual;0;North America;33;Yes;1;
15532;Single;Male;4;Bachelors;Professional;2;North America;43;Yes;1;
11255;Married;Male;4;Graduate Degree;Management;2;North America;73;No;1;
28090;Married;Male;0;Partial College;Skilled Manual;1;North America;27;No;1;
15255;Married;Male;0;High School;Skilled Manual;2;North America;28;Yes;1;
13154;Married;Male;0;High School;Skilled Manual;2;North America;27;Yes;1;
26778;Single;Female;0;High School;Skilled Manual;2;North America;31;No;1;
23248;Married;Female;2;High School;Manual;2;North America;53;No;1;
21417;Single;Female;0;Partial College;Professional;2;North America;32;Yes;1;
17668;Single;Male;2;High School;Skilled Manual;2;North America;50;Yes;1;
27994;Married;Female;4;High School;Professional;2;North America;69;No;1;
20376;Single;Female;3;Graduate Degree;Management;2;North America;52;Yes;1;
25954;Married;Male;0;Partial College;Skilled Manual;2;North America;31;No;1;
15749;Single;Female;4;Bachelors;Management;2;North America;61;No;1;
25899;Married;Female;2;High School;Professional;2;North America;53;No;1;
13351;Single;Female;4;Bachelors;Management;2;North America;62;Yes;1;
23333;Married;Male;0;Partial College;Skilled Manual;2;North America;30;No;1;
21660;Married;Female;3;Graduate Degree;Professional;0;North America;43;Yes;1;
17012;Married;Female;3;Graduate Degree;Professional;0;North America;42;Yes;1;
24514;Married;Male;0;Partial College;Skilled Manual;1;North America;30;No;1;
27505;Single;Female;0;High School;Skilled Manual;2;North America;30;No;1;
29243;Single;Male;1;Bachelors;Management;1;North America;43;No;1;
26582;Married;Male;0;Partial College;Skilled Manual;2;North America;33;Yes;1;
14271;Married;Male;0;High School;Skilled Manual;2;North America;32;No;1;
23041;Single;Female;4;High School;Professional;0;North America;50;Yes;1;
29048;Single;Male;2;Bachelors;Management;3;North America;37;Yes;1;
24433;Married;Male;3;High School;Professional;1;North America;52;Yes;1;
15501;Married;Male;4;Graduate Degree;Professional;0;North America;36;Yes;1;
13911;Single;Female;3;Bachelors;Skilled Manual;2;North America;41;Yes;1;
20421;Single;Female;0;Partial High School;Clerical;2;North America;26;No;1;
16009;Single;Male;1;Graduate Degree;Management;4;North America;66;No;1;
18411;Married;Male;2;High School;Professional;2;North America;51;No;1;
19163;Married;Female;4;Bachelors;Professional;2;North America;43;Yes;1;
18572;Married;Female;0;Graduate Degree;Professional;0;North America;39;No;1;
27540;Single;Female;0;Bachelors;Professional;1;North America;37;Yes;1;
19889;Single;Female;2;Partial High School;Skilled Manual;2;North America;54;Yes;1;
12922;Single;Female;3;Bachelors;Skilled Manual;0;North America;40;Yes;1;
18891;Married;Female;0;Partial College;Skilled Manual;2;North America;28;No;1;
16773;Married;Male;1;Graduate Degree;Skilled Manual;0;North America;33;No;1;
19143;Single;Female;3;Bachelors;Skilled Manual;2;North America;41;Yes;1;
23882;Single;Female;3;Graduate Degree;Professional;0;North America;37;Yes;1;
11233;Married;Male;4;Partial College;Professional;2;North America;53;No;1;
12056;Married;Male;2;Graduate Degree;Management;3;North America;64;No;1;
15555;Married;Female;1;Partial College;Skilled Manual;1;North America;45;Yes;1;
18423;Single;Male;2;Partial High School;Skilled Manual;2;North America;52;No;1;
22743;Married;Female;5;High School;Professional;2;North America;60;No;1;
25343;Single;Female;3;Partial High School;Clerical;2;North America;50;No;1;
13390;Married;Female;4;Partial College;Professional;1;North America;56;No;1;
17482;Single;Female;0;Partial High School;Clerical;2;North America;29;No;1;
13176;Single;Male;0;Graduate Degree;Management;2;North America;38;Yes;1;
20504;Married;Female;5;High School;Professional;2;North America;60;No;1;
12205;Single;Female;2;Bachelors;Management;4;North America;67;No;1;
16751;Married;Male;0;Partial College;Skilled Manual;1;North America;32;Yes;1;
21613;Single;Male;2;Bachelors;Skilled Manual;1;North America;39;Yes;1;
24801;Single;Male;1;Graduate Degree;Professional;0;North America;35;Yes;1;
17519;Married;Female;0;Partial College;Professional;2;North America;32;No;1;
18347;Single;Female;0;Partial College;Skilled Manual;1;North America;31;No;1;
29052;Single;Male;0;Partial College;Skilled Manual;1;North America;27;No;1;
11745;Married;Female;1;Bachelors;Professional;1;North America;47;Yes;1;
19147;Married;Male;0;Bachelors;Professional;1;North America;42;No;1;
19217;Married;Male;2;High School;Skilled Manual;2;North America;49;No;1;
15839;Single;Male;0;Partial College;Skilled Manual;1;North America;32;No;1;
13714;Married;Female;2;High School;Manual;2;North America;53;Yes;1;
22330;Married;Male;0;Graduate Degree;Skilled Manual;0;North America;32;Yes;1;
18783;Single;Male;0;Bachelors;Management;1;North America;38;Yes;1;
25041;Single;Male;0;High School;Skilled Manual;2;North America;31;No;1;
22046;Single;Female;0;Bachelors;Management;1;North America;38;Yes;1;
28052;Married;Male;2;High School;Professional;2;North America;55;No;1;
26693;Married;Male;3;Partial College;Professional;1;North America;49;No;1;
24955;Single;Male;5;Partial High School;Skilled Manual;3;North America;60;Yes;1;
26065;Single;Female;3;Bachelors;Management;4;North America;42;No;1;
13942;Married;Male;1;Partial College;Skilled Manual;1;North America;46;No;1;
11219;Married;Male;2;High School;Professional;2;North America;55;No;1;
22118;Single;Female;3;Graduate Degree;Management;2;North America;53;Yes;1;
23197;Married;Male;3;Bachelors;Skilled Manual;2;North America;40;No;1;
14883;Married;Female;1;Bachelors;Skilled Manual;1;North America;53;Yes;1;
27279;Single;Female;2;Bachelors;Skilled Manual;0;North America;38;Yes;1;
18322;Single;Male;0;Partial High School;Clerical;2;North America;26;No;1;
15879;Married;Male;5;Bachelors;Management;2;North America;61;No;1;
28278;Married;Male;2;Graduate Degree;Management;2;North America;71;No;1;
24416;Married;Male;4;High School;Professional;2;North America;45;No;1;
28066;Married;Male;2;Graduate Degree;Professional;0;North America;37;Yes;1;
11275;Married;Female;4;Graduate Degree;Management;2;North America;72;Yes;1;
14872;Married;Male;0;Graduate Degree;Skilled Manual;0;North America;32;No;1;
16151;Married;Female;1;Bachelors;Professional;1;North America;48;Yes;1;
19731;Married;Male;4;Graduate Degree;Management;2;North America;68;No;1;
23801;Married;Female;2;Partial High School;Clerical;2;North America;49;No;1;
11807;Married;Male;3;Graduate Degree;Professional;0;North America;34;No;1;
11622;Married;Male;0;Graduate Degree;Skilled Manual;0;North America;32;No;1;
26597;Single;Female;4;Bachelors;Skilled Manual;2;North America;42;No;1;
27074;Married;Female;1;Graduate Degree;Skilled Manual;0;North America;35;Yes;1;
19228;Married;Female;2;Partial College;Clerical;1;North America;48;No;1;
13415;Single;Male;1;Graduate Degree;Management;3;North America;73;Yes;1;
17000;Single;Female;4;Bachelors;Skilled Manual;2;North America;43;Yes;1;
14569;Married;Male;1;Graduate Degree;Professional;0;North America;35;No;1;
13873;Married;Male;3;Graduate Degree;Professional;0;North America;35;Yes;1;
20401;Married;Female;4;Bachelors;Management;2;North America;64;Yes;1;
21583;Married;Female;1;Bachelors;Skilled Manual;0;North America;34;Yes;1;
12029;Married;Male;0;Partial High School;Clerical;2;North America;28;No;1;
18066;Single;Male;5;Bachelors;Management;3;North America;60;Yes;1;
28192;Married;Female;5;Graduate Degree;Professional;3;North America;46;No;1;
16122;Married;Male;4;High School;Skilled Manual;2;North America;44;Yes;1;
18607;Single;Female;4;Bachelors;Skilled Manual;2;North America;42;Yes;1;
28858;Single;Male;3;Bachelors;Skilled Manual;0;North America;40;No;1;
14432;Single;Male;4;Graduate Degree;Management;1;North America;73;No;1;
26305;Single;Female;2;Bachelors;Skilled Manual;0;North America;36;Yes;1;
22050;Single;Male;4;Bachelors;Management;1;North America;38;Yes;1;
25394;Married;Male;1;Graduate Degree;Professional;0;North America;34;Yes;1;
19747;Married;Male;4;Bachelors;Management;2;North America;63;No;1;
23195;Single;Male;3;Bachelors;Skilled Manual;2;North America;41;Yes;1;
21695;Married;Male;0;Graduate Degree;Skilled Manual;0;North America;39;Yes;1;
13934;Married;Male;4;High School;Skilled Manual;2;North America;46;No;1;
13337;Married;Female;5;Bachelors;Management;2;North America;64;No;1;
27190;Married;Female;3;Partial College;Clerical;1;North America;32;No;1;
28657;Single;Male;2;Bachelors;Skilled Manual;0;North America;36;Yes;1;
21713;Single;Male;5;Graduate Degree;Skilled Manual;0;North America;47;No;1;
21752;Married;Male;3;Graduate Degree;Management;2;North America;64;No;1;
27273;Single;Male;3;Graduate Degree;Professional;0;North America;35;Yes;1;
22719;Single;Male;3;Bachelors;Management;4;North America;40;Yes;1;
22042;Married;Female;0;Partial College;Skilled Manual;2;North America;34;Yes;1;
21451;Married;Female;4;High School;Professional;2;North America;61;No;1;
20754;Married;Male;2;High School;Skilled Manual;2;North America;51;No;1;
12153;Single;Female;3;Partial College;Professional;1;North America;49;Yes;1;
16895;Married;Female;3;Partial College;Professional;2;North America;54;Yes;1;
26728;Single;Male;3;Graduate Degree;Management;2;North America;53;Yes;1;
11090;Single;Male;2;Partial College;Professional;1;North America;48;Yes;1;
15862;Single;Female;0;Graduate Degree;Skilled Manual;0;North America;33;Yes;1;
26495;Single;Female;2;High School;Professional;2;North America;57;No;1;
11823;Married;Female;0;Graduate Degree;Professional;0;North America;39;No;1;
23449;Married;Male;2;High School;Professional;2;North America;48;No;1;
23459;Married;Male;2;High School;Professional;2;North America;50;No;1;
19543;Married;Male;5;Graduate Degree;Professional;3;North America;47;No;1;
14914;Married;Female;1;Partial College;Clerical;1;North America;49;Yes;1;
12033;Single;Female;0;High School;Skilled Manual;2;North America;27;Yes;1;
11941;Single;Male;0;Partial College;Skilled Manual;2;North America;29;No;1;
14389;Married;Male;2;Bachelors;Management;0;North America;59;No;1;
18050;Married;Female;1;Partial College;Skilled Manual;1;North America;45;Yes;1;
19856;Married;Female;4;Bachelors;Management;2;North America;60;No;1;
11663;Married;Male;4;Graduate Degree;Professional;0;North America;36;Yes;1;
27740;Married;Female;0;High School;Skilled Manual;2;North America;27;No;1;
23455;Single;Male;2;Partial High School;Skilled Manual;2;North America;50;No;1;
15292;Single;Female;1;Graduate Degree;Skilled Manual;0;North America;35;No;1;
21587;Married;Female;1;Graduate Degree;Skilled Manual;0;North America;34;Yes;1;
23513;Married;Female;3;Partial College;Professional;2;North America;54;No;1;
24322;Married;Female;4;Bachelors;Skilled Manual;2;North America;42;No;1;
26298;Married;Female;1;Bachelors;Skilled Manual;0;North America;34;Yes;1;
25419;Single;Male;2;Bachelors;Skilled Manual;1;North America;38;Yes;1;
13343;Married;Female;5;Bachelors;Management;2;North America;63;Yes;1;
11303;Single;Female;4;High School;Professional;3;North America;45;Yes;1;
21693;Single;Female;0;Graduate Degree;Skilled Manual;0;North America;40;No;1;
28056;Married;Male;2;Partial High School;Skilled Manual;2;North America;53;No;1;
11788;Single;Female;1;Graduate Degree;Professional;0;North America;34;No;1;
22296;Married;Male;0;Bachelors;Professional;1;North America;38;No;1;
15319;Married;Female;4;Bachelors;Management;1;North America;59;No;1;
17654;Single;Female;3;Partial College;Clerical;1;North America;30;Yes;1;
14662;Married;Male;1;Bachelors;Professional;1;North America;48;Yes;1;
17541;Married;Female;4;High School;Skilled Manual;2;North America;43;No;1;
13886;Married;Female;4;Graduate Degree;Professional;0;North America;35;Yes;1;
13073;Married;Female;0;Partial College;Professional;2;North America;30;No;1;
21940;Married;Male;5;Graduate Degree;Professional;0;North America;47;Yes;1;
20196;Married;Male;1;Partial College;Skilled Manual;1;North America;45;Yes;1;
23491;Single;Male;3;Partial College;Professional;4;North America;45;No;1;
16651;Married;Female;2;Bachelors;Management;3;North America;62;No;1;
16813;Married;Male;2;Partial College;Professional;2;North America;55;No;1;
16007;Married;Female;5;Bachelors;Management;2;North America;66;Yes;1;
27434;Single;Male;4;Partial College;Professional;1;North America;56;No;1;
27756;Single;Female;3;Bachelors;Skilled Manual;1;North America;40;No;1;
23818;Married;Female;0;Graduate Degree;Skilled Manual;0;North America;33;Yes;1;
19012;Married;Male;3;Bachelors;Management;1;North America;56;No;1;
18329;Single;Male;0;Partial High School;Clerical;2;North America;27;No;1;
29037;Married;Male;0;Graduate Degree;Professional;0;North America;39;No;1;
26576;Married;Female;0;Partial College;Skilled Manual;2;North America;31;No;1;
12192;Single;Female;2;Partial High School;Skilled Manual;2;North America;51;No;1;
14887;Married;Female;1;High School;Clerical;1;North America;52;No;1;
11734;Married;Male;1;Partial College;Skilled Manual;1;North America;47;No;1;
17462;Married;Male;3;Graduate Degree;Management;2;North America;53;Yes;1;
20659;Married;Male;3;Graduate Degree;Professional;0;North America;35;Yes;1;
28004;Married;Female;3;Bachelors;Management;2;North America;66;No;1;
19741;Single;Female;4;Graduate Degree;Management;2;North America;65;No;1;
17450;Married;Male;5;Partial College;Professional;3;North America;45;No;1;
17337;Single;Male;0;High School;Skilled Manual;1;North America;31;No;1;
18594;Single;Female;3;Bachelors;Skilled Manual;3;North America;40;Yes;1;
15982;Married;Male;5;Partial College;Professional;4;North America;46;No;1;
28625;Single;Male;2;Partial College;Clerical;1;North America;47;Yes;1;
11269;Married;Male;2;Graduate Degree;Management;2;North America;41;No;1;
25148;Married;Male;2;High School;Professional;2;North America;48;Yes;1;
13920;Single;Female;4;Bachelors;Skilled Manual;2;North America;42;No;1;
23704;Single;Male;5;High School;Professional;4;North America;60;Yes;1;
28972;Single;Female;3;Graduate Degree;Management;2;North America;66;No;1;
22730;Married;Male;5;Bachelors;Management;2;North America;63;No;1;
29134;Married;Male;4;Bachelors;Skilled Manual;3;North America;42;No;1;
14332;Single;Female;0;High School;Skilled Manual;2;North America;26;No;1;
19117;Single;Female;1;Graduate Degree;Professional;0;North America;36;Yes;1;
22864;Married;Male;2;Partial College;Professional;0;North America;49;Yes;0;
11292;Single;Male;1;Partial College;Professional;3;North America;44;Yes;1;
13466;Married;Male;5;Partial College;Professional;3;North America;46;No;1;
23731;Married;Male;2;High School;Professional;2;North America;54;Yes;1;
28672;Single;Male;4;Graduate Degree;Professional;0;North America;35;Yes;1;
11809;Married;Male;2;Bachelors;Skilled Manual;0;North America;38;Yes;1;
19664;Single;Male;3;Bachelors;Management;3;North America;38;No;0;
12121;Single;Male;3;High School;Professional;2;North America;53;Yes;0;
19664;Single;Male;3;Bachelors;Software;3;North America;38;No;1;
ID;Marital Status;Gender;Children;Education;Occupation;Cars;Region;18;Purchased Bike;Estado;
13136;Single;Female;2;Partial College;Clerical;2;Pacific;69;No;1;
